Info
====
This files contains the people who have write permission to the repository.

Please do not contact this people directly to report a problem with Open64.
Instead, please file a bug report at https://bugs.open64.net.


Maintainers (in alphabetical order by last name - please keep it this way)
==========================================================================
Xiaomi An			annyur(AT)gmail.com
Bin Bao				bin.bao(AT)gmail.com
Christopher Bergström		codestr0m(AT)osunix.org
Dehao Chen			danielcdh(AT)yahoo.com.cn
Wenguang Chen			cwg(AT)tsinghua.edu.cn
Fred Chow			frdchow(AT)gmail.com
David Coakley			dcoakley(AT)gmail.com
Huimin Cui			cuihm(AT)ict.ac.cn
Jiun-Hung Ding			adjunhon(AT)gmail.com
Rodrigo Dominguez		roddomi(AT)hotmail.com
Yuan Dong			dongyuan(AT)tsinghua.edu.cn
Deepak Eachempati		dreachem(AT)gmail.com
Ge Gan				george.gan(AT)gmail.com
Rick Hank	                rick.hank(AT)hp.com
Matthew Hausknecht		mhauskn(AT)emory.edu
Jiangzhou He			hejiangzhou(AT)gmail.com
Mark Heffernan			meheff(AT)google.com
Oscar Hernandez			oscar(AT)cs.uh.edu
Chuntao Hong			chuntao.hong(AT)gmail.com
Lei Huang			lei.huang(AT)mail.uh.edu
Robert Hundt			rhundt(AT)google.com
Suneel Jain			suneel.jain(AT)gmail.com
Jian-Xin Lai			jianxin.lai(AT)hp.com
Loreena Lee			loreena(AT)hp.com
Chunhua Liao			liaoch(AT)cs.uh.edu
Lianjie Luo			luolianjie(AT)gmail.com
Lin Ma				lin.ma(AT)simplnano.com
Mike Murphy			mmurphy(AT)nvidia.com
Jürgen Ributzka			ributzka(AT)gmail.com
Ruifen Shen			ruifen.shen(AT)simplnano.com
Tianwei Sheng			tianwei.sheng(AT)gmail.com
Yao Shi				shiyao(AT)gmail.com
Sunil Shrestha			sunil(AT)udel.edu
Wei Tang			tangwei.ict(AT)gmail.com
Lingyun Tuo			tony.tuo(AT)simplnano.com
Guozhi Wei			carrot(AT)google.com
Mingliang Wei			mlwei(AT)google.com
Yong-Chong Wu			yongchong.wu(AT)hp.com
Tian Xiao			xiaotianrandom(AT)gmail.com
Jianian Yan			jianian.yan(AT)gmail.com
Keqiao Yang			yangkeqiao(AT)gmail.com
Shuxin Yang			shuxinyang2005(AT)gmail.com
Zhe-Min Yang			072053015(AT)fudan.edu.cn
Handong Ye			yehandong(AT)gmail.com
Zhenyang Yu			yuzhenyang(AT)gmail.com
Paul Yuan			yingbo.com(AT)gmail.com
Duo Zhang			zhangduo07(AT)mails.tsinghua.edu.cn
Feng Zhou			fengzhouzh(AT)gmail.com
Hucheng Zhou			zhou.hucheng(AT)gmail.com
Xing Zhou			zhouxing05(AT)gmail.com
Wenwen Xu			xuwenwen(AT)ict.ac.cn
